Cluster,CustomerID,Gender,Age,Annual Income (k$),Spending Score (1-100)
0,162.0,0.46153846153846156,32.69230769230769,86.53846153846153,82.12820512820512
1,165.48275862068965,0.4482758620689655,36.48275862068966,89.51724137931035,18.0
2,73.65116279069767,0.0,49.81395348837209,49.23255813953488,40.06976744186046
3,52.81481481481482,0.4074074074074074,24.90740740740741,39.72222222222222,61.2037037037037
4,84.68571428571428,1.0,55.714285714285715,53.68571428571428,36.77142857142857
